experiment,tool,case,threads,iterations,size,repeats,expected_blocks,expected_bytes,detected_blocks,detected_bytes,byte_delta,match_rate,stack_groups,benchmark_stack_groups,benchmark_stack_hit,symbolized,has_stack,unknown_frames,runtime_ms,notes
followup_20260724_definite_size1024_t2_i2000,bcc_memleak,definite_leak,2,2000,1024,3,4000,4096000,4000.0,4096000.0,0.0,100.0%,4.7,1.0,100.0%,100.0%,100.0%,1.0,9568.3,coarse benchmark stack attribution; ignored non-benchmark stacks: 3 stacks/16786064 bytes; coarse benchmark stack attribution; ignored non-benchmark stacks: 4 stacks/151003792 bytes
followup_20260724_definite_size1024_t2_i2000,heaptrack,definite_leak,2,2000,1024,3,4000,4096000,4000.0,4100000.0,4000.0,0.0%,6.0,1.0,100.0%,100.0%,100.0%,0.0,1559.3,heaptrack_print_generated; ignored non-benchmark leak entries: 5 entries/4109544 bytes
followup_20260724_definite_size1024_t2_i2000,lsan,definite_leak,2,2000,1024,3,4000,4096000,4000.0,4096000.0,0.0,100.0%,1.0,1.0,100.0%,100.0%,100.0%,0.0,1096.0,
followup_20260724_definite_size1024_t2_i2000,valgrind,definite_leak,2,2000,1024,3,4000,4096000,4000.0,4096000.0,0.0,100.0%,1.0,1.0,100.0%,100.0%,100.0%,0.0,2564.0,
followup_20260724_definite_size256_t2_i2000,bcc_memleak,definite_leak,2,2000,256,3,4000,1024000,4000.0,1024000.0,0.0,100.0%,5.0,1.0,100.0%,100.0%,100.0%,1.0,9593.7,coarse benchmark stack attribution; ignored non-benchmark stacks: 4 stacks/151003792 bytes
followup_20260724_definite_size256_t2_i2000,heaptrack,definite_leak,2,2000,256,3,4000,1024000,4000.0,1020000.0,-4000.0,0.0%,6.0,1.0,100.0%,100.0%,100.0%,0.0,1570.7,heaptrack_print_generated; ignored non-benchmark leak entries: 5 entries/1029544 bytes
followup_20260724_definite_size256_t2_i2000,lsan,definite_leak,2,2000,256,3,4000,1024000,4000.0,1024000.0,0.0,100.0%,1.0,1.0,100.0%,100.0%,100.0%,0.0,1092.0,
followup_20260724_definite_size256_t2_i2000,valgrind,definite_leak,2,2000,256,3,4000,1024000,4000.0,1024000.0,0.0,100.0%,1.0,1.0,100.0%,100.0%,100.0%,0.0,2573.0,
followup_20260724_definite_size64_t2_i10000,bcc_memleak,definite_leak,2,10000,64,3,20000,1280000,20000.0,1280000.0,0.0,100.0%,5.0,1.0,100.0%,100.0%,100.0%,1.0,9606.7,coarse benchmark stack attribution; ignored non-benchmark stacks: 4 stacks/151003792 bytes
followup_20260724_definite_size64_t2_i10000,heaptrack,definite_leak,2,10000,64,3,20000,1280000,20000.0,1280000.0,0.0,100.0%,6.0,1.0,100.0%,100.0%,100.0%,0.0,1524.3,heaptrack_print_generated; ignored non-benchmark leak entries: 5 entries/1289544 bytes
followup_20260724_definite_size64_t2_i10000,lsan,definite_leak,2,10000,64,3,20000,1280000,20000.0,1280000.0,0.0,100.0%,1.0,1.0,100.0%,100.0%,100.0%,0.0,1089.0,
followup_20260724_definite_size64_t2_i10000,valgrind,definite_leak,2,10000,64,3,20000,1280000,20000.0,1280000.0,0.0,100.0%,1.0,1.0,100.0%,100.0%,100.0%,0.0,2570.3,
priority_20260721_bcc_end_window_attached_p12000,bcc_memleak,growth_leak,2,2000,64,3,4000,256000,4000.0,256000.0,0.0,100.0%,5.0,1.0,100.0%,100.0%,100.0%,1.0,14051.3,coarse benchmark stack attribution; ignored non-benchmark stacks: 4 stacks/151004128 bytes
priority_20260721_bcc_end_window_attached_p7000,bcc_memleak,growth_leak,2,2000,64,3,4000,256000,4000.0,256000.0,0.0,100.0%,4.7,1.0,100.0%,100.0%,100.0%,1.0,9162.7,coarse benchmark stack attribution; ignored non-benchmark stacks: 3 stacks/16786400 bytes; coarse benchmark stack attribution; ignored non-benchmark stacks: 4 stacks/151004128 bytes
priority_20260721_bcc_end_window_attached_p9000,bcc_memleak,growth_leak,2,2000,64,3,4000,256000,4000.0,256000.0,0.0,100.0%,5.3,1.0,100.0%,100.0%,100.0%,1.0,11049.7,coarse benchmark stack attribution; ignored non-benchmark stacks: 4 stacks/151004128 bytes; coarse benchmark stack attribution; ignored non-benchmark stacks: 5 stacks/218112992 bytes
priority_20260721_bcc_end_window_p12000,bcc_memleak,growth_leak,2,2000,64,3,4000,256000,0.0,0.0,0.0,0.0%,0.0,0.0,0.0%,0.0%,0.0%,0.0,12039.3,
priority_20260721_bcc_end_window_p7000,bcc_memleak,growth_leak,2,2000,64,3,4000,256000,0.0,0.0,0.0,0.0%,1.0,0.0,0.0%,0.0%,100.0%,6.0,9141.7,unattributed stacks: 1 stacks/4096 bytes
priority_20260721_bcc_end_window_p9000,bcc_memleak,growth_leak,2,2000,64,3,4000,256000,0.0,0.0,0.0,0.0%,0.0,0.0,0.0%,0.0%,0.0%,0.0,9115.0,
priority_20260721_bcc_growth_t1,bcc_memleak,growth_leak,1,2000,64,3,2000,128000,1443.3,92373.3,-35626.7,0.0%,2.0,1.0,100.0%,100.0%,100.0%,1.0,17054.7,coarse benchmark stack attribution; ignored non-benchmark stacks: 1 stacks/384 bytes
priority_20260721_bcc_growth_t2,bcc_memleak,growth_leak,2,2000,64,3,4000,256000,2886.3,184725.3,-71274.7,0.0%,2.0,1.0,100.0%,100.0%,100.0%,1.0,17057.3,coarse benchmark stack attribution; ignored non-benchmark stacks: 1 stacks/384 bytes
priority_20260721_bcc_growth_t4,bcc_memleak,growth_leak,4,2000,64,3,8000,512000,5327.3,340949.3,-171050.7,0.0%,2.0,1.0,100.0%,100.0%,100.0%,1.0,17057.0,coarse benchmark stack attribution; ignored non-benchmark stacks: 1 stacks/384 bytes
priority_20260721_bcc_growth_t8,bcc_memleak,growth_leak,8,2000,64,3,16000,1024000,11320.0,724480.0,-299520.0,0.0%,2.0,1.0,100.0%,100.0%,100.0%,1.0,17063.7,coarse benchmark stack attribution; ignored non-benchmark stacks: 1 stacks/384 bytes
priority_20260721_bcc_i1_c12,bcc_memleak,growth_leak,2,2000,64,3,4000,256000,2886.7,184746.7,-71253.3,0.0%,2.0,1.0,100.0%,100.0%,100.0%,1.0,20057.0,coarse benchmark stack attribution; ignored non-benchmark stacks: 1 stacks/384 bytes
priority_20260721_bcc_i1_c6,bcc_memleak,growth_leak,2,2000,64,3,4000,256000,2664.0,170496.0,-85504.0,0.0%,2.0,1.0,100.0%,100.0%,100.0%,1.0,14054.7,coarse benchmark stack attribution; ignored non-benchmark stacks: 1 stacks/384 bytes
priority_20260721_bcc_i1_c9,bcc_memleak,growth_leak,2,2000,64,3,4000,256000,2663.7,170474.7,-85525.3,0.0%,2.0,1.0,100.0%,100.0%,100.0%,1.0,17054.3,coarse benchmark stack attribution; ignored non-benchmark stacks: 1 stacks/384 bytes
priority_20260721_bcc_i2_c12,bcc_memleak,growth_leak,2,2000,64,3,4000,256000,3109.0,198976.0,-57024.0,0.0%,2.0,1.0,100.0%,100.0%,100.0%,1.0,32057.7,coarse benchmark stack attribution; ignored non-benchmark stacks: 1 stacks/384 bytes
priority_20260721_bcc_i2_c6,bcc_memleak,growth_leak,2,2000,64,3,4000,256000,2886.3,184725.3,-71274.7,0.0%,2.0,1.0,100.0%,100.0%,100.0%,1.0,20057.0,coarse benchmark stack attribution; ignored non-benchmark stacks: 1 stacks/384 bytes
priority_20260721_bcc_i2_c9,bcc_memleak,growth_leak,2,2000,64,3,4000,256000,2886.3,184725.3,-71274.7,0.0%,2.0,1.0,100.0%,100.0%,100.0%,1.0,26056.3,coarse benchmark stack attribution; ignored non-benchmark stacks: 1 stacks/384 bytes
priority_20260721_bcc_memleak_definite_t1,bcc_memleak,definite_leak,1,2000,64,3,2000,128000,2000.0,128000.0,0.0,100.0%,4.0,1.0,100.0%,100.0%,100.0%,1.0,9551.3,coarse benchmark stack attribution; ignored non-benchmark stacks: 3 stacks/8393056 bytes
priority_20260721_bcc_memleak_definite_t2,bcc_memleak,definite_leak,2,2000,64,3,4000,256000,4000.0,256000.0,0.0,100.0%,4.7,1.0,100.0%,100.0%,100.0%,1.0,9551.7,coarse benchmark stack attribution; ignored non-benchmark stacks: 3 stacks/16786064 bytes; coarse benchmark stack attribution; ignored non-benchmark stacks: 4 stacks/151003792 bytes
priority_20260721_bcc_memleak_definite_t4,bcc_memleak,definite_leak,4,2000,64,3,8000,512000,8000.0,512000.0,0.0,100.0%,5.7,1.0,100.0%,100.0%,100.0%,1.0,9553.0,coarse benchmark stack attribution; ignored non-benchmark stacks: 4 stacks/167789808 bytes; coarse benchmark stack attribution; ignored non-benchmark stacks: 5 stacks/234898672 bytes
priority_20260721_bcc_memleak_definite_t8,bcc_memleak,definite_leak,8,2000,64,3,16000,1024000,16000.0,1024000.0,0.0,100.0%,6.0,1.0,100.0%,100.0%,100.0%,1.0,9558.7,coarse benchmark stack attribution; ignored non-benchmark stacks: 5 stacks/436225264 bytes; coarse benchmark stack attribution; ignored non-benchmark stacks: 5 stacks/570442992 bytes; coarse benchmark stack attribution; ignored non-benchmark stacks: 5 stacks/704660720 bytes
priority_20260721_heaptrack_definite_t1,heaptrack,definite_leak,1,2000,64,3,2000,128000,2000.0,128000.0,0.0,100.0%,6.0,1.0,100.0%,100.0%,100.0%,0.0,1457.3,heaptrack_print_generated; ignored non-benchmark leak entries: 5 entries/136872 bytes
priority_20260721_heaptrack_definite_t2,heaptrack,definite_leak,2,2000,64,3,4000,256000,4000.0,256000.0,0.0,100.0%,6.0,1.0,100.0%,100.0%,100.0%,0.0,1517.0,heaptrack_print_generated; ignored non-benchmark leak entries: 5 entries/265544 bytes
priority_20260721_heaptrack_definite_t4,heaptrack,definite_leak,4,2000,64,3,8000,512000,8000.0,512000.0,0.0,100.0%,6.0,1.0,100.0%,100.0%,100.0%,0.0,1508.0,heaptrack_print_generated; ignored non-benchmark leak entries: 5 entries/522880 bytes
priority_20260721_heaptrack_definite_t8,heaptrack,definite_leak,8,2000,64,3,16000,1024000,16000.0,1020000.0,-4000.0,0.0%,6.0,1.0,100.0%,100.0%,100.0%,0.0,1565.7,heaptrack_print_generated; ignored non-benchmark leak entries: 5 entries/1030880 bytes
priority_20260721_heaptrack_definite_t8_recheck,heaptrack,definite_leak,8,2000,64,3,16000,1024000,16000.0,1020000.0,-4000.0,0.0%,6.0,1.0,100.0%,100.0%,100.0%,0.0,1536.0,heaptrack_print_generated; ignored non-benchmark leak entries: 5 entries/1030880 bytes
priority_20260721_lsan_definite_t1,lsan,definite_leak,1,2000,64,3,2000,128000,2000.0,128000.0,0.0,100.0%,1.0,1.0,100.0%,100.0%,100.0%,0.0,1100.3,
priority_20260721_lsan_definite_t2,lsan,definite_leak,2,2000,64,3,4000,256000,4000.0,256000.0,0.0,100.0%,1.0,1.0,100.0%,100.0%,100.0%,0.0,1086.0,
priority_20260721_lsan_definite_t4,lsan,definite_leak,4,2000,64,3,8000,512000,8000.0,512000.0,0.0,100.0%,1.0,1.0,100.0%,100.0%,100.0%,0.0,1086.0,
priority_20260721_lsan_definite_t8,lsan,definite_leak,8,2000,64,3,16000,1024000,16000.0,1024000.0,0.0,100.0%,1.0,1.0,100.0%,100.0%,100.0%,0.0,1082.7,
priority_20260721_resources_bcc_memleak,bcc_memleak,high_freq_no_leak,2,2000,64,5,0,0,0.0,0.0,0.0,100.0%,4.0,0.0,,,100.0%,1.0,9557.8,ignored non-benchmark stacks: 4 stacks/151003792 bytes
priority_20260721_resources_heaptrack,heaptrack,high_freq_no_leak,2,2000,64,5,0,0,0.0,0.0,0.0,100.0%,4.0,0.0,,,100.0%,0.0,1528.6,heaptrack_print_generated; ignored non-benchmark leak entries: 4 entries/9544 bytes
priority_20260721_resources_lsan,lsan,high_freq_no_leak,2,2000,64,5,0,0,0.0,0.0,0.0,100.0%,0.0,0.0,,,0.0%,0.0,1053.8,
priority_20260721_resources_valgrind,valgrind,high_freq_no_leak,2,2000,64,5,0,0,0.0,0.0,0.0,100.0%,0.0,0.0,,,0.0%,0.0,2439.0,
priority_20260721_valgrind_definite_t1,valgrind,definite_leak,1,2000,64,3,2000,128000,2000.0,128000.0,0.0,100.0%,1.0,1.0,100.0%,100.0%,100.0%,0.0,2551.7,
priority_20260721_valgrind_definite_t2,valgrind,definite_leak,2,2000,64,3,4000,256000,4000.0,256000.0,0.0,100.0%,1.0,1.0,100.0%,100.0%,100.0%,0.0,2439.0,
priority_20260721_valgrind_definite_t4,valgrind,definite_leak,4,2000,64,3,8000,512000,8000.0,512000.0,0.0,100.0%,1.0,1.0,100.0%,100.0%,100.0%,0.0,2515.3,
priority_20260721_valgrind_definite_t8,valgrind,definite_leak,8,2000,64,3,16000,1024000,16000.0,1024000.0,0.0,100.0%,1.0,1.0,100.0%,100.0%,100.0%,0.0,2675.0,
